barcode,hashid,capture,condition,age,days.2d,days.3d
GTCAACTCTTTAGCG,A0251,SW_CPT_1,iPSC,iPSC,3,0
TGATGGCCTATTGGG,A0252,SW_CPT_1,2c2F,4,2,0
TTCCGCCTCTCTTTG,A0253,SW_CPT_1,3c,3,3,0
AGTAAGTTCAGCGTA,A0254,SW_CPT_1,4c,4,4,0
AAGTATCGTTTCGCA,A0255,SW_CPT_1,5c,5,5,0
GTCAACTCTTTAGCG,A0251,SW_CPT_2,3c4F,7,7,0
TGATGGCCTATTGGG,A0252,SW_CPT_2,3c4FA,7,7,0
TTCCGCCTCTCTTTG,A0253,SW_CPT_2,3c4FL,7,7,0
AGTAAGTTCAGCGTA,A0254,SW_CPT_2,3c4FC,7,7,0
AAGTATCGTTTCGCA,A0255,SW_CPT_2,3c4E,7,7,0
GGTTGCCAGATGTCA,A0256,SW_CPT_2,3c4F200,7,7,0
TGTCTTTCCTGCCAG,A0257,SW_CPT_2,4c3F,7,7,0
CTCCTCTGCAATTAC,A0258,SW_CPT_2,5c2F,7,7,0
GTCAACTCTTTAGCG,A0251,SW_CPT_3,4c4F,8,8,0
TGATGGCCTATTGGG,A0252,SW_CPT_3,4c4FA,8,8,0
TTCCGCCTCTCTTTG,A0253,SW_CPT_3,4c4FL,8,8,0
AGTAAGTTCAGCGTA,A0254,SW_CPT_3,4c4FC,8,8,0
AAGTATCGTTTCGCA,A0255,SW_CPT_3,4c4F200,8,8,0
GGTTGCCAGATGTCA,A0256,SW_CPT_3,4c4E,8,8,0
GTCAACTCTTTAGCG,A0251,SW_CPT_4,5c4F,9,9,0
TGATGGCCTATTGGG,A0252,SW_CPT_4,5c4FA,9,9,0
TTCCGCCTCTCTTTG,A0253,SW_CPT_4,5c4FL,9,9,0
AGTAAGTTCAGCGTA,A0254,SW_CPT_4,5c4FC,9,9,0
AAGTATCGTTTCGCA,A0255,SW_CPT_4,5c4F200,9,9,0
GGTTGCCAGATGTCA,A0256,SW_CPT_4,5c4E,9,9,0
GTCAACTCTTTAGCG,A0251,SW_CPT_5,3c4F,12,7,5
TGATGGCCTATTGGG,A0252,SW_CPT_5,3c4FG,12,7,5
TTCCGCCTCTCTTTG,A0253,SW_CPT_5,3c4FA,12,7,5
AGTAAGTTCAGCGTA,A0254,SW_CPT_5,3c4FL,12,7,5
AAGTATCGTTTCGCA,A0255,SW_CPT_5,3c4FC,12,7,5
GGTTGCCAGATGTCA,A0256,SW_CPT_5,3c4F200,12,7,5
TGTCTTTCCTGCCAG,A0257,SW_CPT_5,3c4E,12,7,5
GTCAACTCTTTAGCG,A0251,SW_CPT_6,4c4F,13,8,5
TGATGGCCTATTGGG,A0252,SW_CPT_6,4c4FG,13,8,5
TTCCGCCTCTCTTTG,A0253,SW_CPT_6,4c4FA,13,8,5
AGTAAGTTCAGCGTA,A0254,SW_CPT_6,4c4FL,13,8,5
AAGTATCGTTTCGCA,A0255,SW_CPT_6,4c4FC,13,8,5
GGTTGCCAGATGTCA,A0256,SW_CPT_6,4c4F200,13,8,5
TGTCTTTCCTGCCAG,A0257,SW_CPT_6,4c4E,13,8,5
GTCAACTCTTTAGCG,A0251,SW_CPT_7,5c4F,14,9,5
TGATGGCCTATTGGG,A0252,SW_CPT_7,5c4FG,14,9,5
TTCCGCCTCTCTTTG,A0253,SW_CPT_7,5c4FA,14,9,5
AGTAAGTTCAGCGTA,A0254,SW_CPT_7,5c4FL,14,9,5
AAGTATCGTTTCGCA,A0255,SW_CPT_7,5c4FC,14,9,5
GGTTGCCAGATGTCA,A0256,SW_CPT_7,5c4F200,14,9,5
TGTCTTTCCTGCCAG,A0257,SW_CPT_7,5c4E,14,9,5
GTCAACTCTTTAGCG,A0251,SW_CPT_8,3c4FL,27,7,20
TGATGGCCTATTGGG,A0252,SW_CPT_8,3c4FC,27,7,20
TTCCGCCTCTCTTTG,A0253,SW_CPT_8,3c4F200,27,7,20
AGTAAGTTCAGCGTA,A0254,SW_CPT_8,3c4E,27,7,20
TGATGGCCTATTGGG,A0252,SW_CPT_9,4c4FC,27,8,19
TTCCGCCTCTCTTTG,A0253,SW_CPT_9,4c4F200,27,8,19
AGTAAGTTCAGCGTA,A0254,SW_CPT_9,4c4E,27,8,19
GTCAACTCTTTAGCG,A0251,SW_CPT_10,5c4FL,27,9,18
TGATGGCCTATTGGG,A0252,SW_CPT_10,5c4FC,27,9,18
TTCCGCCTCTCTTTG,A0253,SW_CPT_10,5c4F200,27,9,18
AGTAAGTTCAGCGTA,A0254,SW_CPT_10,5c4E,27,9,18
AAGTATCGTTTCGCA,A0255,SW_CPT_11,3c4F,27,7,20
GGTTGCCAGATGTCA,A0256,SW_CPT_11,3c4FG,27,7,20
TGTCTTTCCTGCCAG,A0257,SW_CPT_11,3c4FA,27,7,20
AAGTATCGTTTCGCA,A0255,SW_CPT_12,4c4F,27,8,19
GGTTGCCAGATGTCA,A0256,SW_CPT_12,4c4FG,27,8,19
TGTCTTTCCTGCCAG,A0257,SW_CPT_12,4c4FA,27,8,19
AAGTATCGTTTCGCA,A0255,SW_CPT_13,5c4F,27,9,18
GGTTGCCAGATGTCA,A0256,SW_CPT_13,5c4FG,27,9,18
TGTCTTTCCTGCCAG,A0257,SW_CPT_13,5c4FA,27,9,18
